{
  "0x10e11E6443904faF15cdb944f3E99C321Ccc6199": 17747.005503064604,
  "0xa1BbD8D39eD536DEa030A32F3F6C5916C845A800": 19907.0265871087,
  "0x77B691DeC38da63B60b4adB4c153A17C18e29Ce7": 6543.936732168713,
  "0x2Fe58F212aBdb49d0D36Eb93B0a858a170835827": 1245.4622003318443,
  "0xbfBe17B0eFA452F60B0a5E5a58218910E8875d0d": 1327.942228777382,
  "0x8876B959A0B4393006449F29A2759B86BC5643C7": 10040.277973628523,
  "0x53A385d47D3a011539Ec377f53aCB410F53ff97d": 907.3296458215618,
  "0xA47dc3C86a77a41b9377Fc5f6F6edD1d8F380F41": 941588.4953040866,
  "0xa322f14c4e9628F5934420a6098a01e7C999e657": 9.738958021319982,
  "0x371FA0543CD5E59c76373b7ED9c0F818a02746b2": 733.7036667019082,
  "0xf6E3fb7d1Ac3429D1eFBc492bD6C627026347547": 153.31428726000416,
  "0x78EeaFf0E960649Ff2E727d10131157D142c04aD": 228.60633509377473,
  "0xf13Fd4951485f54462DE0fb534851d9687d1ADea": 1343.895052957579,
  "0xdb742dbe4CfE44A1fA687764E05382a250074c5f": 44.90907718142729,
  "0x628476231e3A1B1277D7E07C84A6E997BA23a3a7": 153142.88252168507,
  "0xc0AFEF712a1341cA78dA145B2AFAd346E8C3574F": 2856.79656639949,
  "0x3F7C10cBbb1EA1046a80B738b9Eaf3217410c7F6": 1728.119290083842,
  "0xe5Ae5AAc9A19Ec43aBdd161e95640A1cc12aE348": 36711.34031856283,
  "0xA8470d7e5052F64f87db7E5D40ca660cfe339531": 32559.673622344784,
  "0x64931189b070Fc7C8c80839C8a2d9a10b83082AB": 48.97444836371805,
  "0xc928499a080594C8854D1A46DCAe5E862acC5d08": 33705.49158335586,
  "0x60fbA3B1d069E1317D2B4B718739e280FBAd9896": 28959.308244235857,
  "0xe3dFF97E14F3a55228ED2F614114bf6b27a7677b": 30484.077503955763,
  "0x63dc100B74ec8D3501DC9A72492AE1AB3Fc7c2Fd": 72.14015486443284,
  "0x5eA2F17b2739e3e3aF2DA87f6784E6Be07BcF465": 6663.76438228366,
  "0xC85E968c6Bb78fe5148804438Ae9E5abd6895fD2": 8393.83102184662,
  "0xCBFe6eAE09d526CF5bD2A453477FB26327972B22": 25.91671954383775,
  "0x97Eda3C9f1e4c7eF743b552Ab687Aa49FCa804c0": 2466.4543748572564,
  "0x550dd35691e684b2aD82Af803B02Cd481ba52c5A": 17090.81036136822,
  "0x8CE134D810f5361f3D4bB0707482bcDe92c26777": 10708.923994475226,
  "0x605572243c30Af7493707C9c8E8aA2Ee25537e9A": 1082.1585856254003,
  "0xb8cEA967F39A39521585262DE95655A451FD38f7": 412.8416461303515,
  "0x835f56Ec93e75083BaB9DcA9745B19711a3Ba986": 80.86657774719795,
  "0x0BadB8176949ADD8582BEBfcb73777f2B02dA671": 665.7314776041819,
  "0x1f201591bbcf8413c5E5e21510f60Fc2a79f5719": 6046.209069569052,
  "0x312F81F9a90427f9967F476712795D55E3F89e9C": 5530204.273507741,
  "0xF4f6D22DD06af6039F107bD6EEb116F034dE5027": 1338320.5558294137,
  "0x5853A880A5f0593B1d5B147cdaddc6351C1882ED": 159705.5064310173,
  "0x0644141DD9C2c34802d28D334217bD2034206Bf7": 0,
  "0xD82ed9CfAe1e7cbC1CD141123c4852cCf6d3e5D8": 762189.2842264874,
  "0x5A010c2f9182c03a2247b2dAa9fe5033B727A06a": 389.30819126527007,
  "0xD3ac006e3e9efEF5134830819a5dB8a3f9Aa9c7f": 381097.6989149331,
  "0x63B9117306B4A7aF12fd6D5f47F90033528807b2": 2595836.8692074036,
  "0x4Ea6415289Cf688f8A19381e1a9Af213d2510454": 16612.940971357828,
  "0xB71Fb919489092f5262cc39235F1bD18F728Dd4B": 403.12849254869525,
  "0x09Fa38EBa245bb68354B8950FA2fe71f02863393": 8485.268124895969,
  "0x329c54289Ff5D6B7b7daE13592C6B1EDA1543eD4": 1210276.0499951905,
  "0x73CB48Cf053B3C50Dd61B07d86617fDb8c070d25": 171.6203101063009,
  "0x4E74ea745Dc5006C370A1497913fF51530c73196": 159553.86583783387,
  "0xe2799C5dFbAcd6cA7A328B893704c68AD3A9a88B": 12.678757587975877,
  "0x2a4fAF7Bbd3a8a300f63F717793f997084daee7C": 7.738899818020096,
  "0xc4a7C403D012085E963d18c6229DC1D2D6d6baCa": 7610.411354276538,
  "0xf5Ae09413941Aa09c211aD7A745Df4864151336d": 120.66902961962086,
  "0xA65BfcB60b3DCCB68Be2F9AF7b53eC6864eD6098": 802.20248068168,
  "0x53e213da8C28d85dc6663c3b5e35Bb0ffBb05752": 5804.502391074473,
  "0x7Fe4D3F9A56444A7A779d691B1C1c2421c0C9AaB": 190.75005959809704,
  "0xAe5499976FfD3e58Be47BDD51c787A5201D957f4": 502.8649082706273,
  "0x88F81B95eaE67461b2D687343D36852F87409a7b": 3233.0746075131665,
  "0xFB28945795FAb8284B48dc11e5CdF5d231564d98": 1714.6206855883281,
  "0xF8E1791C202C8AD796E5B15e33E4d066897Aa975": 1916.990906221368,
  "0xE456ff3e321be2675A5aEB56b3623586254C3419": 1521.6066934053338,
  "0x99c2880092d24ebA9ef37e96ECF1B36e6c9278Cd": 0.11258601768115288,
  "0x8c9DeE67Bcf418912D6332D1e762004B0d27FF7c": 295.1442096616286,
  "0x5184a71E55559dD6869dC9B99E68997998d25e41": 551.8017157198117,
  "0xfFF8Da424E3741D85569a9e7D5Fc7A8f2595Cd62": 526.0960347566953,
  "0xde11dD877e988D785d50d86cE865bDee923510d8": 266.7248411171685,
  "0x41bD26B1AD45FD320A2d6d92642c988514dF6dF9": 526.9843791778004,
  "0x103B09D716e6E4527837b9a98E2275B8739ACF72": 552.096817018954,
  "0x71Eaef1bF66045E9dE366088332A3BF95001B9F9": 397.22669481007404,
  "0xF07FcF8EBecAE2cc001607Ea542c36a4F3da68BC": 664.3405589305422,
  "0x524eA5b4296b4Bd37C0D677df4A1E809875ec62c": 600.2100719144267,
  "0x0a3043F9d2b1c6cCfc492EB59Af5156F378c57BD": 800.51352655784,
  "0xBfdF8646546979e87Fc64441aDD2297c3dad946d": 4736.13683476847,
  "0xb1028c2d61337589e515d6BdB949ed97935518b2": 104328.1867307541,
  "0xb0CBCC777509b0fF315392144B0e739fB443531b": 30112.33331117829,
  "0x5e1caC103F943Cd84A1E92dAde4145664ebf692A": 0,
  "0xAb13c79C231c8922C0Fd308D35c17825d2805DCC": 192.34697802937444,
  "0x7e14C5748f9216C1c5256D46c8d044381C477dc1": 184.40792016520086,
  "0xbB40888F5C2509ebA0DcE37Dbb02d15f6d26E1FC": 12436.210393613253,
  "0x86c7e05B935eC835610531Ae5c716e081FABc828": 2395.9746492672803,
  "0x188af1D01a95DEC1225b7fE72849117607bFd73C": 1336.5942242599715,
  "0x39e1C6A9517EB4709B4DB48f49C7d8321DA1AF5A": 20040.500610092102,
  "0x5461C09d7b61E4beFFCd782DC333f102ed7F6e24": 4102.126671915616,
  "0xc9D8679818D2d27d236c2A9a7704cc11C6E83DA4": 855.2158344066988,
  "0x4127143a866Bf5D8AD2AFb6de8e63164B8Ad5bF6": 237292.86372093862,
  "0xc03876Ddf9fBDc47AE66Bc4c7A639f0D78d90904": 406.6067750226708,
  "0xCe841EfEfbFB2Ab8256e3A18AB94b81870300005": 0,
  "0xc28D464578B5dd7F740aD29b1D29C9d72feC1710": 1369.5591216274006,
  "0x99Daaf637E697c53AFaA67d6fF27E336db925812": 6893.2761242846245,
  "0xfa4a45D755eA1c2b72Dd581b3E05dde3bFc13fad": 1156.786101155118,
  "0x442205Df6821E5Fba901C612180cc77E219f4e09": 3169.8904583374247,
  "0x27C7e71AEF0dc5cbcF7af511f3aBAC8eE6845685": 136738.3782738068,
  "0x636bFC1dAde24c7E60E5807795E4534D42cb5803": 15131.31142749275,
  "0x3794A52E13e24FDd9eC69D2358c09960dB685919": 6834.609473530921,
  "0x656688C99c15C7147BC3CF9915496B1CdC3De682": 971.3056342572913,
  "0xD44D2f4D15B239Ae8667d374fDeaDdDe3Ed1E9A6": 516.2206264898874,
  "0x3c6DfB5D608c4849d289d81d8bfcCBD48d86d0a8": 8682.451794011218,
  "0x78E87757861185Ec5e8C0EF6BF0C69Fa7832df6C": 2761.0274419080797,
  "0x9c57027B1eca93093a6F446422C59C85A5A3Fa52": 3160.7143422614276,
  "0x521866351B73EAE5aCb8962469526B38CBE47372": 25.745641715173996,
  "0xC0aEf1759A279CED58223F34E0fe6426610B1bEE": 3929.5927159283337,
  "0x3b8e8fe28B25D696e37179af0BE5778Bf4F799A2": 693.2897367602412,
  "0xc28D890C3c6ca27EF97844EBe9938DFCF75EAa20": 87.89720006814088,
  "0xa4dDA080E000478EB51C5a9e1122f98Ca76ebD8E": 3943.592505417907,
  "0xa03dEdE2EeCC86e590D343E42137940ab647d14b": 220.66958275839102,
  "0x3499604cf488845D9c6d327C7af2C93ba770b3c0": 7579.453827813484,
  "0x6792c4E8A9efB4AB04e73E9b1c9Bf16b7cCC74c9": 6495.568107844248,
  "0x4656E28Ed7C4aAcD1e7FB98D3C8041d6De04c08F": 254796.39804010716,
  "0x78947805246FA30f80533d77486dbEe786aCCe6E": 206.3733466995214,
  "0x5f4e7A999c746c7cf0f1327e285d7C3fD72eb172": 272.8916647747645,
  "0x030F249879C79331b7A154c48e27eEDCd972BDe9": 161476.77284362665,
  "0xEf114D9316274AcfF9c9EA00871aF274b8994234": 249724.59301987494,
  "0x007De57773B6EB4ebbf6A740dFdE1EfDd5629630": 20.93323528164867,
  "0xaD5d1F9e5B07ea8ABD262Ed16aAF21cfa9C8EB18": 155.14957922602676,
  "0xbcc181046fd96CCaDF0CEBe30D4Ff67D4373A126": 75850.86994009228,
  "0x64e18cb7BE85eC89ed02E27846cBe31fE259bdd0": 17.76231206574983,
  "0x3520891D5BB5D05e959EB1C89797382a9CB2bAaA": 0.009140156359692855,
  "0x657d54c9aC70b83A6D746adDF6C6Ad43E470Fa0A": 2.644726174911254,
  "0xa2E05aF8D9271bb0AcEC0909DE1173005CBB05cb": 0.009140156359692855,